Rmax_abs_mean,Rmax_abs_std
508.8912418427726,132.28975673057408
