Rmin_abs_mean,Rmin_abs_std
-299.8190789518174,122.41009196664501
