{
    "mae": 2.0568495705766585,
    "rmse": 8.359927134101243,
    "mape": 0.6407614946813465,
    "r2": 0.5516381573921614
}