{"loss": [0.6892132759094238, 0.6740535497665405, 0.647788941860199, 0.6040129065513611, 0.5333646535873413, 0.4455956220626831, 0.3713831305503845, 0.3383495509624481, 0.30676162242889404, 0.2914448380470276, 0.27651742100715637, 0.26710739731788635, 0.26284751296043396, 0.2605750560760498, 0.2612878978252411, 0.2596328556537628, 0.2604459822177887, 0.2519357204437256, 0.2497016191482544, 0.2458626627922058, 0.2420162707567215, 0.24042433500289917, 0.23667007684707642, 0.23667111992835999, 0.2342519760131836, 0.23515987396240234, 0.22976315021514893, 0.22882091999053955, 0.22304099798202515, 0.2191818207502365, 0.2170848250389099, 0.21828462183475494, 0.22073929011821747, 0.2146836817264557, 0.211453378200531, 0.20760156214237213, 0.21186970174312592, 0.20626087486743927, 0.20598480105400085, 0.20364561676979065, 0.20214715600013733, 0.2019907832145691, 0.19947518408298492, 0.19838082790374756, 0.19764597713947296, 0.19623273611068726, 0.196579709649086, 0.19705159962177277, 0.19530446827411652, 0.1947554647922516, 0.1925019919872284, 0.19272878766059875, 0.1929394155740738, 0.19117486476898193, 0.18981501460075378, 0.1883191466331482, 0.19428947567939758, 0.19038935005664825, 0.1872258186340332, 0.1873743087053299, 0.18683958053588867, 0.18936587870121002, 0.18791981041431427, 0.18528270721435547, 0.18257875740528107, 0.18298454582691193, 0.18221476674079895, 0.18219976127147675, 0.18095029890537262, 0.1833752691745758, 0.1819833368062973, 0.18259334564208984, 0.1837441772222519, 0.18132957816123962, 0.1793159395456314, 0.1788357049226761, 0.17872941493988037, 0.17644266784191132, 0.17577260732650757, 0.17773546278476715, 0.1774662882089615, 0.1755451261997223, 0.17541052401065826, 0.17929697036743164, 0.180098757147789, 0.17633971571922302, 0.17531080543994904, 0.17494697868824005, 0.17313683032989502, 0.1770283281803131, 0.17740561068058014, 0.1733214408159256, 0.17443546652793884, 0.17154717445373535, 0.1736464649438858, 0.17297296226024628, 0.17279723286628723, 0.171377494931221, 0.17225106060504913, 0.17329558730125427, 0.17194196581840515, 0.17179135978221893, 0.1710485816001892, 0.1761048585176468, 0.17384186387062073, 0.17124320566654205], "val_loss": [0.5818102955818176, 0.5657663941383362, 0.5320959091186523, 0.47539547085762024, 0.4055846929550171, 0.318865031003952, 0.25408393144607544, 0.23054739832878113, 0.20927390456199646, 0.2000337839126587, 0.19857503473758698, 0.19677670300006866, 0.1911226361989975, 0.19129526615142822, 0.1902340203523636, 0.193260058760643, 0.19004830718040466, 0.184865802526474, 0.18367916345596313, 0.1810712367296219, 0.18151864409446716, 0.17639228701591492, 0.1801116019487381, 0.17741769552230835, 0.171157568693161, 0.17713886499404907, 0.17563199996948242, 0.1711038500070572, 0.16438625752925873, 0.16369250416755676, 0.16180787980556488, 0.16199053823947906, 0.15947553515434265, 0.16105470061302185, 0.15966059267520905, 0.16382932662963867, 0.15863141417503357, 0.16016045212745667, 0.1574152261018753, 0.15659436583518982, 0.15802522003650665, 0.1576353758573532, 0.15579916536808014, 0.15340399742126465, 0.1533709615468979, 0.15489767491817474, 0.15641829371452332, 0.15322107076644897, 0.1507067233324051, 0.15420792996883392, 0.14922966063022614, 0.1494477540254593, 0.14824768900871277, 0.15256336331367493, 0.1467139571905136, 0.15127280354499817, 0.1533517986536026, 0.14835335314273834, 0.14558371901512146, 0.14680305123329163, 0.1443486213684082, 0.14739154279232025, 0.1500392109155655, 0.14729812741279602, 0.14384311437606812, 0.14992325007915497, 0.14410990476608276, 0.14742857217788696, 0.13952495157718658, 0.143546462059021, 0.15010638535022736, 0.14943359792232513, 0.14030417799949646, 0.1404419094324112, 0.14370624721050262, 0.13993194699287415, 0.14091156423091888, 0.14311529695987701, 0.1378920078277588, 0.13844779133796692, 0.1385657787322998, 0.13939037919044495, 0.14414772391319275, 0.15167813003063202, 0.1402750313282013, 0.13949979841709137, 0.1381681114435196, 0.13865363597869873, 0.1452861875295639, 0.13960999250411987, 0.13714073598384857, 0.1447141021490097, 0.137322336435318, 0.13767704367637634, 0.1377067267894745, 0.13790245354175568, 0.14335837960243225, 0.14086802303791046, 0.13983437418937683, 0.13739465177059174, 0.13979926705360413, 0.138932466506958, 0.1374760866165161, 0.1378404200077057, 0.14023371040821075, 0.13786925375461578]}