{
    "mae": 57.57039769649296,
    "rmse": 76.81818832213689,
    "mape": 20.72352547298751,
    "r2": 0.6058505355842818
}