{"loss": [0.8166344165802002, 0.7915620803833008, 0.7652923464775085, 0.7210419774055481, 0.6770164966583252, 0.6348113417625427, 0.607216477394104, 0.5952840447425842, 0.5829141736030579, 0.5734421610832214, 0.5622373819351196, 0.5523470044136047, 0.5439164638519287, 0.5332019329071045, 0.5332328081130981, 0.5273386240005493, 0.5122835636138916, 0.5095324516296387, 0.5034176111221313, 0.4975278973579407, 0.49774083495140076, 0.49391576647758484, 0.49468809366226196, 0.4957132041454315, 0.48495444655418396, 0.478998064994812, 0.4814820885658264, 0.4758189022541046, 0.4735831618309021, 0.47631698846817017, 0.46859949827194214, 0.47247329354286194, 0.46413761377334595, 0.4651172161102295, 0.461791068315506, 0.4593973457813263, 0.4587460160255432, 0.4650282561779022, 0.4590005874633789, 0.45432373881340027, 0.4542872905731201, 0.45147398114204407, 0.4547536373138428], "val_loss": [0.7515588402748108, 0.7299183011054993, 0.7013718485832214, 0.6603255271911621, 0.6809161305427551, 0.6363771557807922, 0.6379467844963074, 0.6446293592453003, 0.5934649705886841, 0.5954433679580688, 0.6006240844726562, 0.5827254056930542, 0.5714939832687378, 0.5670249462127686, 0.552914023399353, 0.5536861419677734, 0.5453583598136902, 0.5539056062698364, 0.5558812618255615, 0.5387461185455322, 0.5423069596290588, 0.5405130386352539, 0.533793032169342, 0.5443412661552429, 0.5313368439674377, 0.5344532132148743, 0.5344344973564148, 0.5281432271003723, 0.5293199419975281, 0.5284058451652527, 0.5319474935531616, 0.5324378609657288, 0.5393413305282593, 0.5359716415405273, 0.5353373289108276, 0.5367327332496643, 0.5397757291793823, 0.5466917753219604, 0.5386036038398743, 0.5376419425010681, 0.5391684174537659, 0.5364899039268494, 0.5423381328582764]}