Imin_abs_mean,Imin_abs_std
358.6437869822485,12.49026933724896
